question,votes,tags
What does the “yield” keyword do?,11024,python iterator generator yield coroutine
What does if __name__ == “__main__”: do?,6701,python namespaces main python-module idioms
Does Python have a ternary conditional operator?,6558,python operators ternary-operator conditional-operator
What are metaclasses in Python?,6099,python oop metaclass python-class python-datamodel
How do I check whether a file exists without exceptions?,6065,python file file-exists
How do I merge two dictionaries in a single expression (taking union of dictionaries)?,5537,python dictionary merge
How to execute a program or call a system command from Python,5229,python shell terminal subprocess command
How can I safely create a nested directory?,4648,python exception path directory operating-system
Accessing the index in 'for' loops?,4022,python loops list
How to make a flat list out of a list of lists?,3970,python list multidimensional-array flatten
Difference between staticmethod and classmethod,3881,python oop methods python-decorators
Understanding slice notation,3753,python list slice iterable
Does Python have a string 'contains' substring method?,3596,python string substring contains
Finding the index of an item in a list,3562,python list indexing
How do I list all files of a directory?,3467,python directory
Iterating over dictionaries using 'for' loops,3454,python dictionary
How do I sort a dictionary by value?,3418,python sorting dictionary
Using global variables in a function,3339,python global-variables scope
How do I check if a list is empty?,3231,python list
How to get the current time in Python,3196,python datetime time
What is the difference between Python's list methods append and extend?,3114,python list data-structures append extend
Catch multiple exceptions in one line (except block),3094,python exception exception-handling
What is the difference between __str__ and __repr__?,2976,python magic-methods repr
How can I add new keys to a dictionary?,2937,python dictionary lookup
How can I make a time delay in Python? [duplicate],2895,python python-3.x delay sleep timedelay
How do I concatenate two lists in Python?,2875,python list concatenation
How can a file be copied?,2874,python file copy filesystems file-copying
How to make function decorators and chain them together?,2873,python decorator python-decorators
How do I pass a variable by reference?,2836,python reference parameter-passing pass-by-reference
List changes unexpectedly after assignment. Why is this and how to prevent it?,2810,python list reference copy clone
“Least Astonishment” and the Mutable Default Argument,2810,python language-design default-parameters least-astonishment
Convert bytes to a string,2797,python string python-3.x
Understanding Python super() with __init__() methods [duplicate],2731,python class oop inheritance super
Check if a given key already exists in a dictionary,2681,python dictionary
What is __init__.py for?,2679,python module package python-packaging
How to iterate over rows in a DataFrame in Pandas,2618,python pandas dataframe
What does ** (double star/asterisk) and * (star/asterisk) do for parameters?,2618,python syntax parameter-passing variadic-functions argument-unpacking
How can I install pip on Windows?,2609,python windows installation pip easy-install
How do you split a list into evenly sized chunks?,2507,python list split chunks
Manually raising (throwing) an exception in Python,2490,python exception
How to delete a file or folder?,2466,python file-io directory delete-file
Find current directory and file's directory [duplicate],2454,python directory
How to select rows from a DataFrame based on column values,2443,python pandas dataframe
How do you change the size of figures drawn with matplotlib?,2442,python graph matplotlib plot visualization
How to access environment variable values?,2429,python environment-variables
How to print colored text to the terminal?,2428,python terminal output ansi-colors
How do I parse a string to a float or int?,2424,python parsing floating-point type-conversion integer
Converting string into datetime,2392,python datetime
Why is “1000000000000000 in range(1000000000000001)” so fast in Python 3?,2365,python performance python-3.x range python-internals
Getting the last element of a list,2352,python list indexing
How do I get a substring of a string in Python?,2332,python string substring
How to upgrade all Python packages with pip,2255,python pip
How do I lowercase a string in Python?,2245,python string uppercase lowercase
Renaming columns in Pandas,2158,python pandas replace dataframe rename
How do I sort a list of dictionaries by a value of the dictionary?,2156,python list sorting dictionary data-structures
How can I remove a key from a Python dictionary?,2130,python dictionary data-structures unset
Are static class variables possible in Python?,2098,python class oop static class-variables
Is there a way to run Python on Android?,2089,android python jython ase android-scripting
How to print without newline or space?,2057,python newline
How do I get the number of elements in a list?,2045,python list
How to read a file line-by-line into a list?,2026,python string file readlines
Why is reading lines from stdin much slower in C++ than Python?,1954,python c++ benchmarking iostream getline
Calling a function of a module by using its name (a string),1944,python object
How to randomly select an item from a list?,1936,python list random
Determine the type of an object?,1895,python dictionary types typeof
Limiting floats to two decimal points,1874,python floating-point rounding precision
How to know if an object has an attribute in Python,1865,python attributes
Why is it string.join(list) instead of list.join(string)?,1864,python string list
How to leave/exit/deactivate a Python virtualenv,1826,python virtualenv virtualenvwrapper
How can I remove a trailing newline?,1813,python newline trailing
Static methods in Python?,1808,python static-methods
How to determine a Python variable's type?,1776,python types unsigned signed 16-bit
How can I print literal curly-brace characters in a string and also use .format on it?,1762,python string format string-formatting curly-braces
Importing files from different folder,1739,python importerror python-import
How to remove an element from a list by index,1730,python list indexing
How do I check if a string is a number (float)?,1730,python casting floating-point type-conversion
How do you append to a file?,1727,python file append
How can I count the occurrences of a list item?,1719,python list count
Replacements for switch statement in Python?,1717,python switch-statement
Meaning of @classmethod and @staticmethod for beginner? [duplicate],1680,python oop static-methods class-method
How do I install pip on macOS or OS X?,1673,python macos pip installation
Delete an element from a dictionary,1663,python dictionary del
How to pad zeroes to a string?,1644,python string zero-padding
How to check if the string is empty?,1627,python string comparison-operators
Getting the class name of an instance?,1622,python introspection instanceof python-datamodel
Delete column from pandas DataFrame,1591,python pandas dataframe
How do you read from stdin?,1553,python stdin
Installing specific package versions with pip,1507,python mysql pip pypi mysql-python
Pythonic way to create a long multi-line string,1483,python string multiline multilinestring
Generate random integers between 0 and 9,1482,python random integer
How to measure elapsed time in Python?,1472,python performance measure timeit
Why can't Python parse this JSON data?,1472,python json parsing
How to print to stderr in Python?,1468,python printing stderr zen-of-python
Use of *args and **kwargs [duplicate],1466,python args keyword-argument
Random string generation with upper case letters and digits,1455,python string random
Extracting extension from filename in Python,1455,python filenames file-extension
Converting integer to string in Python,1445,python string integer
Proper way to declare custom exceptions in modern Python?,1433,python exception custom-exceptions
What's the canonical way to check for type in Python?,1429,python types
Hidden features of Python [closed],1417,python hidden-features
Reverse a string in Python,1416,python string
What is the meaning of single and double underscore before an object name?,1412,python oop naming-conventions identifier
How do I convert two lists into a dictionary?,1398,python list dictionary type-conversion
How can you profile a Python script?,1392,python performance optimization time-complexity profiling
Why do Python classes inherit object?,1389,python class oop object inheritance
String formatting: % vs. .format vs. string literal,1382,python performance logging string-formatting f-string
fatal error: Python.h: No such file or directory,1380,python gcc python-c-api
What is the Python 3 equivalent of “python -m SimpleHTTPServer”,1374,python python-3.x httpserver simplehttpserver
UnicodeEncodeError: 'ascii' codec can't encode character u'\xa0' in position 20: ordinal not in range(128),1371,python unicode beautifulsoup python-2.x python-unicode
Create a dictionary with list comprehension,1371,python dictionary list-comprehension dictionary-comprehension
How can I use threading in Python?,1358,python multithreading concurrency python-multithreading
How to flush output of print function?,1354,python python-3.x printing flush
What are the differences between type() and isinstance()?,1351,python oop inheritance types
Selecting multiple columns in a Pandas dataframe,1334,python pandas dataframe select
"What is the difference between venv, pyvenv, pyenv, virtualenv, virtualenvwrapper, pipenv, etc?",1330,python virtualenv virtualenvwrapper pyenv python-venv
How to import a module given the full path?,1319,python configuration python-import python-module
Save plot to image file instead of displaying it using Matplotlib,1316,python matplotlib plot
How do I check what version of Python is running my script?,1295,python version
How to prettyprint a JSON file?,1290,python json formatting pretty-print
Referring to the null object in Python,1288,python null
How do I write JSON data to a file?,1269,python json
Use different Python version with virtualenv,1253,python virtualenv virtualenvwrapper
How do I trim whitespace from a string?,1242,python string trim
How to find if directory exists in Python,1241,python directory
How can I install packages using pip according to the requirements.txt file from a local directory?,1235,python virtualenv pip
Is there a way to create multiline comments in Python?,1225,python comments documentation
How do I get time of a Python program's execution?,1224,python time execution-time
How do I get the row count of a Pandas DataFrame?,1217,python pandas dataframe
Why does comparing strings using either '==' or 'is' sometimes produce a different result?,1204,python string comparison identity equality
How do I connect to a MySQL Database in Python?,1200,python mysql
How can I check for NaN values?,1191,python math
How to get the filename without the extension from a path in Python?,1187,python string path
What is the purpose of the word 'self'?,1187,python class oop self
How to terminate a script?,1186,python termination
What is setup.py?,1181,python python-3.x setup.py pypi python-packaging
How can I do a line break (line continuation) in Python?,1179,python syntax line-breaks long-lines
"In Python, how do I determine if an object is iterable?",1178,python iterable
Does Django scale? [closed],1170,python django web-applications scalability
Correct way to write line to file?,1162,python file-io
Can someone explain __all__ in Python?,1162,python syntax namespaces
"If Python is interpreted, what are .pyc files?",1161,python compiled interpreted-language pyc
How to put the legend out of the plot,1156,python matplotlib legend
How can I represent an 'Enum' in Python?,1143,python python-3.x enums
if/else in a list comprehension,1141,python list-comprehension
Removing duplicates in the lists,1140,python algorithm list duplicates intersection
Best way to return multiple values from a function? [closed],1135,python coding-style return return-value
Why do people write #!/usr/bin/env python on the first line of a Python script?,1134,python shell shebang
How do I trim whitespace?,1132,python string whitespace trim strip
Get list from pandas DataFrame column headers,1127,python pandas dataframe
Creating a singleton in Python,1127,python singleton decorator base-class metaclass
How can I reverse a list in Python?,1125,python list
How do I create a constant in Python?,1116,python constants
How to get the ASCII value of a character,1115,python ascii
Adding new column to existing DataFrame in Python pandas,1111,python pandas dataframe chained-assignment
How to get line count of a large file cheaply in Python?,1110,python text-files line-count
How to read a text file into a string variable and strip newlines?,1092,python string
Is there a built-in function to print all the current properties and values of an object?,1088,python debugging introspection pretty-print python-datamodel
How can I sort a dictionary by key?,1082,python sorting dictionary
What is the use of “assert” in Python?,1082,python assert assertion
How to parse XML and count instances of a particular node attribute?,1081,python xml
Best way to convert string to bytes in Python 3?,1081,python string character-encoding python-3.x
How do I find the location of my Python site-packages directory?,1080,python installation
How to change the order of DataFrame columns?,1078,python pandas dataframe
Create pandas Dataframe by appending one row at a time,1077,python pandas dataframe append
How does the @property decorator work in Python?,1075,python properties decorator python-decorators python-internals
“Large data” workflows using pandas,1074,python mongodb pandas hdf5 large-data
"Difference between del, remove, and pop on lists",1068,python list
How do I check if a variable exists?,1067,python exception variables
"What is a mixin, and why are they useful?",1064,python oop multiple-inheritance mixins
What's the difference between lists and tuples?,1063,python list tuples
How can I get a list of locally installed Python modules?,1058,python module pip
What is the difference between null=True and blank=True in Django?,1049,python django django-models
Display number with leading zeros,1047,python integer string-formatting
How to move a file?,1047,python file file-handling
How to get file creation & modification date/times in Python?,1044,python file
Running shell command and capturing the output,1042,python shell subprocess
Find all files in a directory with extension .txt in Python,1041,python file-io
Count the number occurrences of a character in a string,1040,python string count
What is the difference between old style and new style classes in Python?,1039,python class oop types new-style-class
What IDE to use for Python? [closed],1026,python ide editor
How to copy a dictionary and only edit the copy,1022,python python-3.x dictionary reference
Putting a simple if-then-else statement on one line [duplicate],1021,python if-statement syntax ternary-operator
Getting key with maximum value in dictionary?,1012,python dictionary max
Is there a simple way to delete a list element by value?,1009,python list
How do I get the full path of the current file's directory?,996,python directory
What is the standard Python docstring format? [closed],993,python coding-style documentation docstring
Change column type in pandas,992,python pandas dataframe types casting
How do I install a Python package with a .whl file?,992,python pip python-wheel downloadfile jpype
How does Python's super() work with multiple inheritance?,989,python multiple-inheritance
Should I use 'has_key()' or 'in' on Python dicts?,988,python dictionary
Relative imports in Python 3,987,python python-3.x python-import
How to iterate through two lists in parallel?,986,python list for-loop iterator
Checking whether a variable is an integer or not [duplicate],983,python integer
What are “named tuples” in Python?,972,python tuples namedtuple
pg_config executable not found,970,python pip psycopg2
How to make a class JSON serializable,969,python json serialization
What does the 'b' character do in front of a string literal?,969,python string unicode binary
Fastest way to check if a value exists in a list,966,python performance list
How to get the home directory in Python?,959,python cross-platform home-directory
How to drop rows of Pandas DataFrame whose value in a certain column is NaN,953,python pandas dataframe nan
"Should I put #! (shebang) in Python scripts, and what form should it take?",949,python shell python-3.x shebang
"Extract file name from path, no matter what the os/path format",946,python
Why are Python lambdas useful? [closed],946,python function lambda closures
Why use pip over easy_install? [closed],945,python pip setuptools easy-install pypi
How to return dictionary keys as a list in Python?,938,python python-3.x list dictionary python-2.x
How to download a file over HTTP?,934,python http urllib
How to import other Python files?,934,python python-import python-module python-packaging
How to remove items from a list while iterating?,933,python iteration
Get difference between two lists,930,python performance list set set-difference
How do I remove/delete a folder that is not empty?,929,python file
List comprehension vs. lambda + filter,928,python list functional-programming filter lambda
Get unique values from a list in python [duplicate],924,python list
Relative imports for the billionth time,924,python python-2.7 import python-2.x relative-path
Peak detection in a 2D array,924,python image-processing
How to sort a list of objects based on an attribute of the objects?,919,python list sorting oop count
Remove all whitespace in a string,910,python trim removing-whitespace
Converting unix timestamp string to readable date,905,python datetime unix-timestamp strftime
How to emulate a do-while loop?,901,python while-loop do-while
How do you test that a Python function throws an exception?,899,python unit-testing exception exception-handling
How to convert list to string [duplicate],897,python string list
How to catch and print the full exception traceback without halting/exiting the program?,895,python exception try-catch traceback
Python's equivalent of && (logical-and) in an if-statement,894,python if-statement keyword logical-operators and-operator
Converting from a string to boolean in Python?,893,python string boolean
Get the data received in a Flask request,892,python flask werkzeug
How to overcome “datetime.datetime not JSON serializable”?,890,python json
Behaviour of increment and decrement operators in Python,890,python operators increment decrement
Convert a String representation of a Dictionary to a dictionary?,888,python string dictionary
How can I check file size in Python?,887,python file
How to print an exception in Python?,885,python exception error-handling
How do I unload (reload) a Python module?,885,python module reload python-import
Maximum and Minimum values for ints,881,python integer
How to print number with commas as thousands separators?,875,python number-formatting
How to remove the first Item from a list?,875,python arrays list
How to make IPython notebook matplotlib plot inline,872,python matplotlib jupyter-notebook ipython data-visualization
mkdir -p functionality in Python [duplicate],871,python mkdir
Multiprocessing vs Threading Python [duplicate],869,python multithreading multiprocessing
How to subtract a day from a date?,869,python datetime date
pip install mysql-python fails with EnvironmentError: mysql_config not found,868,python pip mysql-python
Python integer incrementing with ++ [duplicate],866,python syntax increment
Usage of __slots__?,865,python oop python-internals slots
What __init__ and self do in Python?,865,python oop self
error: Unable to find vcvarsall.bat,863,python windows pip setup.py failed-installation
Use a list of values to select rows from a pandas dataframe,857,python pandas dataframe
Why does Python code run faster in a function?,857,python performance profiling benchmarking cpython
How to get a function name as a string?,848,python string function
python setup.py uninstall,846,python setup.py pypi
How to retrieve a module's path?,840,python module inotify
Convert hex string to int in Python,839,python string hex
How to properly ignore exceptions,837,python exception try-except
How to check if type of a variable is string?,836,python string variables types
How to use a decimal range() step value?,835,python floating-point range
What is the naming convention in Python for variable and function names?,832,python variables function naming-conventions
What is the difference between pip and conda?,832,python pip ipython package-managers conda
How to get an absolute file path in Python,831,python path relative-path absolute-path
How do you remove duplicates from a list whilst preserving order?,828,python list duplicates unique
How can I make a Python script standalone executable to run without ANY dependency?,827,python executable
Shuffling a list of objects,826,python list random shuffle
"What are the differences between the urllib, urllib2, urllib3 and requests module?",826,python python-requests urllib2 urllib python-2.x
How to use glob() to find files recursively?,824,python path filesystems glob fnmatch
How to deal with SettingWithCopyWarning in Pandas,824,python pandas dataframe chained-assignment
Find which version of package is installed with pip,819,python pip
Python `if x is not None` or `if not x is None`? [closed],817,python coding-style nonetype boolean-expression pep8
Is there any way to kill a Thread?,815,python multithreading kill terminate
Convert list of dictionaries to a pandas DataFrame,814,python dictionary pandas dataframe
Pretty-print an entire Pandas Series / DataFrame,812,python pandas dataframe
Traverse a list in reverse order in Python,810,python loops reverse
Using Python 3 in virtualenv,809,python python-3.x virtualenv
List comprehension vs map,805,python list-comprehension map-function
Writing a pandas DataFrame to CSV file,802,python csv pandas dataframe
Is there a list of Pytz Timezones?,795,python django pytz
"What is a clean, Pythonic way to have multiple constructors in Python?",789,python constructor
What is the purpose and use of **kwargs?,789,python keyword-argument
What is the best project structure for a Python application? [closed],788,python directory-structure organization project-structure
How do I determine the size of an object in Python?,787,python object memory memory-management sizeof
How to create a GUID/UUID in Python,787,python uuid guid uniqueidentifier
How to define a two-dimensional array?,784,python matrix syntax-error
Why dict.get(key) instead of dict[key]?,779,python dictionary
What is __pycache__?,779,python python-3.x caching
How to check version of python modules?,778,python
Running unittest with typical test directory structure,778,python unit-testing
About catching ANY exception,776,python exception-handling
How to change a string into uppercase,776,python string uppercase
pip install from git repo branch,775,python git pip
Remove empty strings from a list of strings,774,python string list
Import a module from a relative path,774,python relative-path python-import
How to import the class within the same directory or sub directory?,774,python python-import
"What is __future__ in Python used for and how/when to use it, and how it works",771,python python-2.x
Writing a list to a file with Python,768,python file list file-io newline
How do I detect whether a Python variable is a function?,767,python
How to fix “Attempted relative import in non-package” even with __init__.py,767,python package python-import importerror init
How to set environment variables in Python?,766,python environment-variables
Reverse / invert a dictionary mapping,765,python dictionary mapping reverse
not None test in Python [duplicate],765,python nonetype
Equivalent of shell 'cd' command to change the working directory?,760,python cd
How do I convert a datetime to date?,760,python datetime
How can I use Python to get the system hostname?,758,python hostname
How to POST JSON data with Python Requests?,757,python json python-requests cherrypy
What is the difference between range and xrange functions in Python 2.X?,755,python loops range python-2.x xrange
What is the easiest way to remove all packages installed by pip?,754,python pip
How do I expand the output display to see more columns of a pandas DataFrame?,754,python pandas printing column-width
How do you get the logical xor of two variables in Python?,752,python logical-operators
Using @property versus getters and setters,752,python properties getter-setter
Parsing boolean values with argparse,748,python boolean argparse command-line-arguments
How do I do a not equal in Django queryset filtering?,745,python django django-models django-queryset
How can I open multiple files using “with open” in Python?,745,python file-io
Importing modules from parent folder,743,python module path directory python-import
How can I force division to be floating point? Division keeps rounding down to 0?,742,python floating-point integer division python-2.x
Is arr.__len__() the preferred way to get the length of an array in Python?,740,python arrays methods
Get key by value in dictionary,739,python dictionary
Styling multi-line conditions in 'if' statements? [closed],739,python coding-style if-statement
What is the difference between dict.items() and dict.iteritems() in Python2?,738,python dictionary python-2.x
How to sort a list/tuple of lists/tuples by the element at a given index?,734,python list sorting tuples
How to concatenate items in a list to a single string?,734,python string list concatenation
Print string to text file,734,python string text file-io
Why is [] faster than list()?,733,python performance list instantiation literals
List of lists changes reflected across sublists unexpectedly,731,python list nested-lists mutable
How to print a date in a regular format?,728,python datetime date
open() in Python does not create a file if it doesn't exist,727,python linux file-io file-permissions
What does functools.wraps do?,724,python decorator functools
How do I parse an ISO 8601-formatted date?,722,python datetime iso8601 datetime-parsing rfc3339
Why shouldn't I use PyPy over CPython if PyPy is 6.3 times faster?,720,python performance jit pypy cpython
How are iloc and loc different?,719,python pandas indexing dataframe
Argparse optional positional arguments?,718,python argparse
Single quotes vs. double quotes in Python [closed],718,python coding-style
Python: What OS am I running on?,715,python cross-platform platform-specific platform-agnostic
Convert date to datetime in Python,714,python datetime date
Best way to strip punctuation from a string,711,python string punctuation
How to test multiple variables against a value?,710,python if-statement comparison match boolean-logic
"What exactly do “u” and “r” string flags do, and what are raw string literals?",709,python unicode python-2.x rawstring
Split Strings into words with multiple word boundary delimiters,708,python string split
How can I parse a YAML file in Python,707,python yaml
How do I remove packages installed with Python's easy_install?,707,python packages setuptools easy-install
Adding a Method to an Existing Object Instance,706,python oop methods monkeypatching
Why are Python's 'private' methods not actually private?,704,python python-2.7 encapsulation information-hiding
How to get the last day of the month?,703,python date
"TypeError: a bytes-like object is required, not 'str' when writing to a file in Python3",695,python python-3.x string file byte
Python: Find in list,694,python find
Which Python memory profiler is recommended? [closed],690,python performance memory-management profiling
Speed comparison with Project Euler: C vs Python vs Erlang vs Haskell,689,python c performance haskell erlang
"Difference between modes a, a+, w, w+, and r+ in built-in open function?",688,python
How can I get the concatenation of two lists in Python without modifying either one? [duplicate],684,python concatenation sequence list-manipulation
Check if a Python list item contains a string inside another string,684,python string
What does the “at” (@) symbol do in Python?,684,python syntax python-decorators
What is the Python equivalent of static variables inside a function?,683,python
How do I get the day of week given a date?,681,python datetime weekday
How to generate all permutations of a list?,677,python algorithm permutation combinatorics python-2.5
How do I protect Python code? [closed],672,python licensing obfuscation copy-protection
How can I iterate over files in a given directory?,672,python iterator directory
"How to print the full NumPy array, without truncation?",671,python arrays numpy options output-formatting
How to call a Parent Class's method from Child Class in Python?,671,python class oop object inheritance
Getting a list of all subdirectories in the current directory,669,python directory subdirectory
How can I capitalize the first letter of each word in a string?,668,python capitalization capitalize
Convert all strings in a list to int,667,python list int
How to read/process command line arguments?,664,python command-line command-line-arguments
Deleting DataFrame row in Pandas based on column value,664,python pandas
ImportError: No module named requests,664,python python-requests python-import
Create an empty list in python with certain size,662,python list
What is the purpose of the single underscore “_” variable in Python?,659,python variables naming-conventions metasyntactic-variable
Python progression path - From apprentice to guru,659,python
IndentationError: unindent does not match any outer indentation level,655,python indentation
How to change the font size on a matplotlib plot,650,python matplotlib font-size
What is a “slug” in Django?,649,python django django-models slug
What does the star and doublestar operator mean in a function call?,649,python syntax parameter-passing iterable-unpacking argument-unpacking
How do I set the figure title and axes labels font size in Matplotlib?,647,python matplotlib
What's the difference between a Python module and a Python package?,644,python module package
Is there a portable way to get the current username in Python?,643,python portability
How do I append one string to another in Python?,640,python string append
What is the quickest way to HTTP GET in Python?,639,python http networking
What is the difference between __init__ and __call__?,637,python class oop object callable-object
Does Python have “private” variables in classes?,636,python class private
How to use multiprocessing pool.map with multiple arguments?,633,python multiprocessing
python exception message capturing,633,python exception logging except
How to make a script wait for a pressed key?,631,python wait keyboard-input
Python try-else,630,python exception-handling
Is there a difference between “==” and “is”?,629,python reference equality semantics
What is monkey patching?,629,python terminology monkeypatching
How to serve static files in Flask,627,python flask static-files
Which exception should I raise on bad/illegal argument combinations in Python?,626,python exception arguments
Purpose of “%matplotlib inline”,626,python matplotlib jupyter-notebook ipython
What does the Ellipsis object do?,624,python ellipsis
Asking the user for input until they give a valid response,624,python
How do I do a case-insensitive string comparison?,623,python comparison case-insensitive
TensorFlow not found using pip,621,python tensorflow pip
What's the idiomatic syntax for prepending to a short python list?,621,python list prepend
How to find out the number of CPUs using python,620,python system-information
How can I represent an infinite number in Python?,620,python infinite infinity
Dump a NumPy array into a csv file,619,python arrays csv numpy
What does 'super' do in Python?,619,python oop inheritance multiple-inheritance super
Call a function from another file?,618,python file function import
TypeError: 'module' object is not callable,618,python sockets
Python int to binary string?,617,python binary string.format
How does collections.defaultdict work?,614,python dictionary default-value defaultdict
Add a new item to a dictionary in Python [duplicate],613,python dictionary items
How do I get my Python program to sleep for 50 milliseconds?,612,python timer sleep
How do I type hint a method with the type of the enclosing class?,612,python python-3.x pycharm typing python-3.5
Combine two columns of text in pandas dataframe,611,python pandas dataframe
How to convert string representation of list to a list?,610,python string
"Differences between distribute, distutils, setuptools and distutils2?",608,python packaging setuptools distutils distribute
What does -> mean in Python function definitions?,608,python python-3.x annotations function-definition
"How to debug in Django, the good way? [closed]",607,python django debugging
Does Python's time.time() return the local or UTC timestamp?,606,python time timezone
How can the Euclidean distance be calculated with NumPy?,605,python numpy euclidean-distance
How do I update pip itself from inside my virtual environment?,604,python upgrade virtualenv pip package-managers
Why is __init__() always called after __new__()?,603,python design-patterns class-design
Is it possible to break a long line to multiple lines in Python? [duplicate],603,python line-breaks
How to print instances of a class using print()?,602,python class printing object
How do I use raw_input in Python 3,601,python python-3.x
ImportError: Cannot import name X,601,python python-import importerror circular-dependency
How to check Django version,600,python django
Build a basic Python iterator,599,python object iterator
Remove final character from string,599,python string
How to create a zip archive of a directory in Python?,598,python zip archive zipfile directory-tree
Remove specific characters from a string in Python,598,python string immutability
Tensorflow: how to save/restore a model?,598,python tensorflow machine-learning model
Difference between Python's Generators and Iterators,597,python iterator generator
Get current time in milliseconds in Python?,596,python datetime time
How to urlencode a querystring in Python?,595,python urllib urlencode
How would you make a comma-separated string from a list of strings?,595,python string list
"Creating an empty Pandas DataFrame, then filling it?",593,python dataframe pandas
Append integer to beginning of list in Python [duplicate],592,python list variables append
How to split a string into a list?,592,python list split text-segmentation
Filter dict to contain only certain keys?,592,python dictionary
How to make an unaware datetime timezone aware in python,592,python datetime timezone python-2.x python-2.6
How to set the current working directory? [duplicate],590,python working-directory
Create list of single item repeated N times,589,python list-comprehension multiplication replicate
How to install pip with Python 3?,588,python python-3.x pip package setuptools
How to get the position of a character in Python?,588,python string
Finding local IP addresses using Python's stdlib,587,python networking ip-address
Dealing with multiple Python versions and PIP?,587,python pip
Convert list to tuple in Python,587,python python-2.7 tuples
What is a Python egg?,587,python package egg
Directory-tree listing in Python,584,python file directory subdirectory directory-tree
How do I get indices of N maximum values in a NumPy array?,584,python numpy max numpy-ndarray
Can I force pip to reinstall the current version?,584,python pip packages
Why use def main()? [duplicate],583,python coding-style
Split string with multiple delimiters in Python [duplicate],582,python string split delimiter
Convert nested Python dict to object?,582,python object dictionary
How do I capture SIGINT in Python?,580,python controls signals
What is the python keyword “with” used for? [duplicate],579,python
Set value for particular cell in pandas DataFrame using index,577,python pandas dataframe cell nan
How to import a module given its name as string?,577,python python-import
Difference between abstract class and interface in Python,576,python interface abstract-class
How can I fill out a Python string with spaces?,573,python string string-formatting pad
How to calculate number of days between two given dates?,573,python date
Getting a map() to return a list in Python 3.x,572,python list python-3.x map-function
Disable output buffering,572,python stdout buffered
How do you round UP a number in Python?,571,python floating-point integer rounding python-2.x
Select by partial string from a pandas DataFrame,570,python string pandas dataframe
Getting file size in Python? [duplicate],568,python file size
String comparison in Python: is vs. == [duplicate],567,python string comparison equality
How to count the NaN values in a column in pandas DataFrame,566,python pandas dataframe
"Saving utf-8 texts with json.dumps as UTF8, not as \u escape sequence",566,python json unicode utf-8 escaping
What is the difference between re.search and re.match?,566,python regex search match
Changing the “tick frequency” on x or y axis in matplotlib?,565,python matplotlib plot axes xticks
What is the best way to remove accents (normalize) in a Python unicode string?,564,python python-3.x unicode python-2.x diacritics
How to convert index of a pandas dataframe into a column?,563,python pandas dataframe indexing series
How to break out of multiple loops?,562,python nested-loops break control-flow
How to delete the contents of a folder?,562,python file
How to filter Pandas dataframe using 'in' and 'not in' like in SQL,561,python pandas dataframe sql-function
"Simple argparse example wanted: 1 argument, 3 results",560,python argparse
How can I find script's directory? [duplicate],557,python directory django-views getcwd
Why is python setup.py saying invalid command 'bdist_wheel' on Travis CI?,556,python travis-ci setup.py pypi
Return None if Dictionary key is not available,556,python dictionary key nonetype
"How can I check if a string represents an int, without using try/except?",554,python string integer
How to read a large file - line by line?,554,python file-read
Why does python use 'else' after for and while loops?,554,python if-statement for-loop for-else
Is there a short contains function for lists?,553,python list search collections contains
How to prompt for user input and read command-line arguments [closed],552,python input command-line-arguments
Shuffle DataFrame rows,551,python pandas dataframe permutation shuffle
How to install psycopg2 with “pip” on Python?,551,python virtualenv psycopg2 pip
Return JSON response from Flask view,551,python json flask
"Get statistics for each group (such as count, mean, etc) using pandas GroupBy?",550,python pandas dataframe group-by pandas-groupby
Python list of dictionaries search,550,python search dictionary
How do I use itertools.groupby()?,550,python itertools
Getting the index of the returned max or min item using max()/min() on a list,549,python list max min
Converting a Pandas GroupBy output from Series to DataFrame,549,python pandas dataframe pandas-groupby multi-index
Convert pandas dataframe to NumPy array,548,python arrays pandas numpy dataframe
Calling C/C++ from Python? [closed],548,c++ python c
Unzipping files in Python,547,python zip unzip zipfile
How can I pass a list as a command-line argument with argparse?,547,python argparse
What is the common header format of Python files?,546,python header comments
Determine function name from within that function (without using traceback),545,python function introspection traceback
How to check if any value is NaN in a Pandas DataFrame,545,python pandas dataframe nan
Are dictionaries ordered in Python 3.6+?,545,python python-3.x dictionary python-internals python-3.6
Sort a list by multiple attributes?,544,python sorting
How to do relative imports in Python?,544,python python-import python-module
What is the most “pythonic” way to iterate over a list in chunks?,543,python list loops optimization chunks
"How do I convert seconds to hours, minutes and seconds?",541,python
Writing unit tests in Python: How do I start? [closed],541,python unit-testing testing
Finding the average of a list,540,python list lambda average reduce
mysql_config not found when installing mysqldb python interface,540,python linux ssh mysql-python
Access an arbitrary element in a dictionary in Python,540,python dictionary
“is” operator behaves unexpectedly with integers,540,python int operators identity python-internals
Set up a scheduled job?,540,python django web-applications scheduled-tasks
Python exit commands - why so many and when should each be used?,539,python
How to declare an array in Python?,538,python arrays
How to access the ith column of a NumPy multidimensional array?,537,python arrays numpy
A non-blocking read on a subprocess.PIPE in Python,537,python io subprocess nonblocking
Transpose/Unzip Function (inverse of zip)?,536,python list matrix transpose
"Python and pip, list all versions of a package that's available?",535,python pip
